-- MySQL dump 10.13  Distrib 5.7.12, for Win64 (x86_64)
--
-- Host: localhost    Database: project_2
-- ------------------------------------------------------
-- Server version	5.7.16-log

/*!40101 SET @OLD_CHARACTER_SET_CLIENT=@@CHARACTER_SET_CLIENT */;
/*!40101 SET @OLD_CHARACTER_SET_RESULTS=@@CHARACTER_SET_RESULTS */;
/*!40101 SET @OLD_COLLATION_CONNECTION=@@COLLATION_CONNECTION */;
/*!40101 SET NAMES utf8 */;
/*!40103 SET @OLD_TIME_ZONE=@@TIME_ZONE */;
/*!40103 SET TIME_ZONE='+00:00' */;
/*!40014 SET @OLD_UNIQUE_CHECKS=@@UNIQUE_CHECKS, UNIQUE_CHECKS=0 */;
/*!40014 SET @OLD_FOREIGN_KEY_CHECKS=@@FOREIGN_KEY_CHECKS, FOREIGN_KEY_CHECKS=0 */;
/*!40101 SET @OLD_SQL_MODE=@@SQL_MODE, SQL_MODE='NO_AUTO_VALUE_ON_ZERO' */;
/*!40111 SET @OLD_SQL_NOTES=@@SQL_NOTES, SQL_NOTES=0 */;

--
-- Table structure for table `account`
--

DROP TABLE IF EXISTS `account`;
/*!40101 SET @saved_cs_client     = @@character_set_client */;
/*!40101 SET character_set_client = utf8 */;
CREATE TABLE `account` (
  `account_id` int(11) NOT NULL AUTO_INCREMENT,
  `email` varchar(45) NOT NULL,
  `password` varchar(60) NOT NULL,
  `name` varchar(45) DEFAULT NULL,
  `phone_number` varchar(15) DEFAULT NULL,
  `address` varchar(60) DEFAULT NULL,
  `role` varchar(45) DEFAULT NULL,
  PRIMARY KEY (`account_id`)
) ENGINE=InnoDB AUTO_INCREMENT=139 DEFAULT CHARSET=utf8;
/*!40101 SET character_set_client = @saved_cs_client */;

--
-- Dumping data for table `account`
--

LOCK TABLES `account` WRITE;
/*!40000 ALTER TABLE `account` DISABLE KEYS */;
INSERT INTO `account` VALUES (26,'admin@gmail.com','$2a$10$lHSmuHKhRKYLv9UfrReazO.QGClANJ2s9/SI.WYPThSD3ShlubCbe','Khanh Nguyen','0978 098 098','Hai Ba Trung, Ha Noi',NULL),(27,'numbershot@yah00.us','$2a$10$o.fGklRAZCF23m77/2Lq2.UHie4i1AUhPQEYL3zJ.jrz58IFVejAe','Jill Byrd','3116679734','1311 Langan Square',NULL),(28,'jolsen@gma1l.biz','$2a$10$qQumEYrJnkhspZ57lnoJD.RyCjTfxIQ49boeajKWhJkeSGLjQwWLy','Marilyn Black','8391740784','916 Stiers Rd',NULL),(29,'jryan61@ma1lbox.co.uk','$2a$10$WkxPqVmVtxbcTXIFQnrpy.8vfAhP9nQRzgPE3xiyGmYAgJrZ.khFu','Jeffrey Suarez','3137494700','1159 Greengold Crescent',NULL),(30,'mgross7@gma1l.biz','$2a$10$WmYC9g6gKous6XZETwKc9OVAJGlb4a.9VS/UbWSM/V7nB1hEuRcHG','Stanley Beck','8640418745','421 Rosewood Ridge',NULL),(31,'ecardenas84@gma1l.biz','$2a$10$/VVgmsq5OwvLMVFAK3DGMOxRzEpnWLVnFBfCyTSOu2EfeTRVQQJ2m','Randi Velez','0710433701','1346 Hall Ln',NULL),(32,'bpowell@hotma1l.net','$2a$10$S4VFsn3UdvnvRr1jBGYM9OkbXjBKab47Vn1aBFDCqevZCnHPcrp4y','Antonio Swanson','3615188340','751 Dogwood Ln',NULL),(33,'bcollins@hotma1l.net','$2a$10$yPhBntjfczhqVoKscjqVFuc6md.8wzde4cD9UP.itEIktQ04iUXE2','Christy Stark','7547112609','1404 Western Way',NULL),(34,'whopull@somema1l.biz','$2a$10$SzEjpPT3sjcVxuJJGzBLb.SPukQD1esVdJZIeG0j38LRbo.1M4J.S','Savannah Potter','6597654837','1458 Hickam Rd',NULL),(35,'it\'snumbers@ma1l2u.us','$2a$10$anQjmXwZJXFInTzhdaoQzu4ZQNkLkcSjUKKhZUxsAQd.yczZFcVwa','Rocky Bender','0245027361','468 Fayette Parkway',NULL),(36,'hatit\'s@somema1l.com','$2a$10$gBtuD8m4jUPN5qmmfDAGies9LWdlZytEzKaNKHvnVagWwRSnXyOLq','Rachel Melton','7718172373','645 Palmer Ln',NULL),(37,'mkerr@hotma1l.net','$2a$10$3ilYbibzZlZPUsicEWMfEeiSmFzwewg6TmU/upguQU63V/SOAg9vG','Edward Kramer','3898757566','430 Spruce Boulevard',NULL),(38,'gwooten@b1zmail.com','$2a$10$NUOT8XqnttSXAnh0W2VWvurxmBROiZk6eb/Z60V3oBqLRxa4DD09.','Sherry Sullivan','4994528353','627 Christopher Path',NULL),(39,'boonhot@somema1l.co.uk','$2a$10$/r8TkPc9RP/UBpJkmR0GAuxZf5P9BE0m0cWbqrBzpbVyTnzzn0e4e','Larry Collins','1048447038','1496 Nugent Crescent',NULL),(40,'snelson@hotma1l.net','$2a$10$LolTRpYn6HZXIWkSZbwN4ehaBmsIBpwh9hRy07ZGyBairYeJ/En8i','Sherri Harding','6780768042','464 Yost Path',NULL),(41,'lostbuild@gma1l.co.uk','$2a$10$iv.w5F9GRqztBJqnZeKR1eHGXYmmIuTb6q3EpSSft/n.AFxr/qNy2','Austin Macias','3205764570','779 Shagbark Ave',NULL),(42,'jkelly@everyma1l.net','$2a$10$XZzp/Kgks7hWN3hm5034X.3zfhiPRsaQHTPZfkH7YyU/meIldOxcG','Hunter Sykes','9767637568','1058 Harmony Blvd',NULL),(43,'bfaulkner@ma1l2u.biz','$2a$10$9QGPi8Vw4VhmlEHg1JNOmeGG81T5kZ1mFZzxbA96Pctbj4y4F5CkC','Jane Moon','9648194472','604 Sugartree Lane',NULL),(44,'clambert@ma1lbox.us','$2a$10$BcgECGiwnecGDwYald7h1OHRBLzCgDGV9SBS7PQiM4ViEtK6OiAVC','Thelma Cline','9399890815','1480 Durban Lane',NULL),(45,'magnetic@gma1l.us','$2a$10$sPNA7yLTOGK8wFbYHLDPfutx4OmQzqa4kLZzNqBaLMr8eMDZD9e7W','Breanna Dudley','2679227708','1151 Eldwood Place',NULL),(57,'probablymagnetic@gma1l.us','$2a$10$gT9/RkORBhpfbZpJkyi4r.pIjuWNoOxAD6l4y1BWQbQJWZhUKhhVa','Breanna Dudley','2679227708','1151 Eldwood Place',NULL),(58,'cameill22@ma1lbox.org','$2a$10$kydbmhaTye680uQ.h7z/vOKuSL9cenFLU9CCuTot2ygVEVrIV2hEi','Steve McPherson','8131001734','1479 Hazlett Parkway',NULL),(59,'islock@ma1l2u.us','$2a$10$BR2GgnKO4Os8LyOFWGkkYevwLimRkMOH08T2/d1ZJ5TyalCVKMLS.','Katrina Marks','1911148935','1727 Santoy Avenue',NULL),(60,'diedworn@b1zmail.org','$2a$10$gLDfKJ.tx3gOmtfUHmwl2eTdhCDlx/6CbTKQTGwumjl06eoSzqidS','Mother Humphrey','2205855075','1400 Eller Drive',NULL),(61,'alwaysof@hotma1l.us','$2a$10$ySH80YyTd6epWXNKxXHEDucv3rz1EEtL2fnkvaXS9x.5YDdQFurYe','Jonathan Reed','2619114192','590 Market Avenue',NULL),(62,'haveisland19@gma1l.net','$2a$10$Ir3kTR6EarIF4/.PZ9zD/.IYAIqejU8K5n8/rjMFSnBkB6WexiP7e','Sara Patel','0229896628','789 Hunt Ln',NULL),(63,'rtillman83@ma1lbox.org','$2a$10$gHcCf4dbLf2PKl8CmuSqOOeRkWVfEN.5C3VsxI2cFlTktbGRNnaS6','Tasha Rios','7100550453','1583 Eastward Rd',NULL),(64,'ahughes@ma1l2u.net','$2a$10$R6YSjRlW23hUL1Prw/NmvuY8uuMCTW.gVbBaYLElGQ9/4aEwg4nT6','Ronnie Carpenter','5567684329','1567 Ballov Drive',NULL),(65,'holdthrough@ma1lbox.org','$2a$10$1hT3cRXKREWzBRqYllv1fuyOXt5e8zhEJIAfBSAzZYUzsvInJ9MPC','Shane Bridges','3754609805','1231 Melick Avenue',NULL),(66,'visionsenter8@b1zmail.biz','$2a$10$jj.1yeLKC8Ud1b8wFEkA1ebgLNjpGHcL21/RIRbFtuwNWPXk7ZEwC','Olivia Hutchinson','4785453946','961 Crosier Way',NULL),(67,'lberry@ma1lbox.biz','$2a$10$aRNaVJKTzZvctTiA1cK3Heq8IAydrk6A4/tQy0LPUQXVUnzS3l66S','Regina Witt','3718392896','708 Ferrell Way',NULL),(68,'tbarlow@ma1l2u.biz','$2a$10$znxBOIo8Zt7hzFTbjiGd2OUENLE82gv7zAN5Yd/5H65PSRbRipZse','Stacey Sanford','5275308835','845 Stormont Drive',NULL),(69,'jchavez@gma1l.org','$2a$10$/8uUNM.vdb7DBCB/u/0on.sDL9K1OyGALaD169C7DzrECVnZrzsIS','Shannon Baird','4548980580','894 Diagonal Court',NULL),(70,'smokeare@ma1lbox.com','$2a$10$vncwEuGdqLyFMjUa70kwTumLoThHOoC2/fspBCZO1LzCdchzp6gna','Noah Baird','7519600884','1615 Eastman Lane',NULL),(71,'ofit58@hotma1l.net','$2a$10$jOBa1Lo.C6l4iX3rF92HIOOAmMhSbdg/7rFk6pAD./5XBAVqMUIjW','Drew Ball','5971191694','973 Essex Drv',NULL),(72,'mcase@ma1lbox.net','$2a$10$jd45Nvx4VYMkXPG1p59RZufoULRltTFUQbhNr74m44SdZXzzHXS9m','Paige Cooper','8717197708','956 Glenwillow Road',NULL),(73,'handledin@everyma1l.com','$2a$10$H5oBStuK5mO6Q.NpMtV2o.mlDcz0yP0pp0TgJcDklXKLC.4xYazzm','Ted Kennedy','4047563010','1735 Public Drv',NULL),(74,'acolon@everyma1l.org','$2a$10$luff1BOKDxUbybdDcqGeCu7BXTxhduKFNnhMO7ZfyBH4U5yEjQ1ki','Savannah Sheppard','0517457424','1052 Moonlight Trail',NULL),(75,'bhunt@b1zmail.org','$2a$10$vbLf/PzoROOCDb2nVvfp1OEJliRGGeBhLClQ0DvBxrELz0GXpf1TO','Jennifer Pickett','2207050678','1326 Sudbury Run',NULL),(76,'ahurst@hotma1l.biz','$2a$10$OlnsE.EL6C6AhLfEFCIabeNtB8VKkaNEPyfUBGdnId4Wd/lh1jqoW','Shannon Silva','0377208350','1760 Spellman Avenue',NULL),(77,'bbryan@hotma1l.com','$2a$10$z1IWUwo6OPnrsWQ6T6Hewuo4IZNvED.XCwXqjCD/geZuxng/aMJnC','Ed Schultz','9592414967','873 Tupedo Circle',NULL),(78,'wherered@everyma1l.us','$2a$10$qppy9AroYZ2jFb0OD3eA5ehig.BNFetvLdacDN/wJtbLKv.a2pNRu','Bonnie Sherman','8393727311','1495 Lark Lane',NULL),(79,'wfarrell@everyma1l.us','$2a$10$rM014R9c5xqL0ePm7YeVZObW9mE7fxJBV9vzJ12Ei6OzWe09yp63e','Jenny Hall','0415016490','922 Crawford Circle',NULL),(80,'jmorales@somema1l.org','$2a$10$Ctf22.KZokVV66ywbODn3eGGTZDbzjprae/b3MlsKa/j9/Ci7gNvy','Kristy Scott','4472010521','845 Convers Crescent',NULL),(81,'inhat@everyma1l.org','$2a$10$xJmuC0JA3goIpvsDTZ/8auzzXA1cZ89SAQFMA/xBo5cTnm5ChXMwm','Trey Garner','5213545859','836 Somerset Ln',NULL),(82,'zbarrett@yah00.org','$2a$10$allDGTdPEHxpF58aBAATQ.re3nuJ/D7BO.29ZwoWbTbRBt47Ap2jy','Doug Flowers','8053945575','1562 Oxford Run',NULL),(83,'movedthey@ma1l2u.us','$2a$10$74KWS7EKYL4XrTsg0NZIluUFG42xLs/Cameeu2LOUf7c0UuTXZofC','Laken Gallagher','5857032895','1240 Jordan Court',NULL),(84,'wicketabout@somema1l.us','$2a$10$zXVMw8svN5T7ZS/lYymbdulxJbu7KzQL.kpISJMXKk5eiCp7npTya','Ryan Flores','5197267769','455 Rawson Street',NULL),(85,'tcooke@yah00.net','$2a$10$w16UkaIJyvfuD6GAC4eQIO6kz7j.VO3wUe.0NuDxq8JQVlopHE2ey','Kim Clark','9557104430','489 Lagonda Road',NULL),(86,'whogenerated@everyma1l.com','$2a$10$.vthlnYgeTbHPioSxT5jeOkotCbmhJr5qpr6bHAFb8S2o1hlGQhAG','Jeremiah Levy','9949245493','1098 Ruth Crescent',NULL),(87,'hadsidekick@everyma1l.biz','$2a$10$QcO46gUbtztmhqC.KP4.eujTrmRb/ptREsBgGxGdf4vJ0oyUEcOgW','Anthony Cohen','0568177927','494 Watkins Boulevard',NULL),(88,'jmitchell@somema1l.biz','$2a$10$4eYLP7ME0LkjonSMYjcb0e6ZBycUaUwMt43V4oItBIDammX1da93K','Erin Wolf','2561742817','611 Towers Avenue',NULL),(89,'bortiz@ma1l2u.net','$2a$10$RjeS1mAxrPNgC0T6Syz7ketrLOo.UGHaj6L2N81uMJOCpaac0U3yy','Sally Tucker','3671227435','1116 Ashburton Trail',NULL),(90,'vkelley77@hotma1l.co.uk','$2a$10$wtSw0JHGOtCiD5fKVlbnEe1EdHH8p1/t8YenuSLrBJeOqN2JQoOE.','Heidi Bishop','9563107119','1498 Austin Station',NULL),(91,'endsor maybe@ma1lbox.com','$2a$10$vpptQHUAZzDchPQdVHR/0utjaeZzDlFFgLqKFcEvySNaVoFN2hPWu','Gerald Carey','7723612125','1530 Ward Ave',NULL),(92,'ddeleon63@gma1l.co.uk','$2a$10$t3x01dsRu.p4qu3tpGvT8eLsQCCuS7trttsu2fwmaErqhxsor.Cry','Vicki Blake','9150172578','1013 Pfeifer Crescent',NULL),(93,'jhamilton20@gma1l.biz','$2a$10$Gf/53F5X3kCKJDsWMPTAgu1siBkEr6YpcVrPMLzV5L9z/e3YkN0F6','Timmy Albert','6108074008','626 Commonwealth Boulevard',NULL),(94,'boonrescue@ma1lbox.co.uk','$2a$10$aG5ctyKppaduqVo3xgdmZeTBS8Akz5Zgz/h1kuwzrwhcjHZbUW8m2','Darren Lott','8785959220','1096 Sycamore Park',NULL),(95,'toin@hotma1l.com','$2a$10$FlIvLhlGNXxweCZquBsyhueDaRUECH4xc/0huE1gNOcsV7gIu.D4O','Valerie Madden','6305542937','1207 Green Ave',NULL),(96,'drichardson@hotma1l.us','$2a$10$DAXPCNMBTfmANjgmX8K.geh53fU7QeLsyO7G/M54B8radWYX2ST46','Mother Hall','3954560681','1210 Cementary Station',NULL),(97,'smatthews@ma1l2u.com','$2a$10$b9jyXRPWDiY53wdd5wbDSezXC9AzP4UXsTxXdmHSkCYGcqyX6tfOa','Anthony Carrillo','2279295279','1382 Faircrest Run',NULL),(98,'hknight@yah00.org','$2a$10$LmktzKLbT8rXs5i1UKnLGexfksc7HzCnHzt1W0MXHyobP7modZ5tK','Diana Donovan','2012470232','718 Shady Ridge',NULL),(99,'listwaited@ma1lbox.co.uk','$2a$10$JEWVRzK7sgkQVqVAXDIa.eGd/JNJ1p.LmZBYTOMy9khZyCWYrctWG','Jerry Walker','3733453513','1645 Sheandoah Lane',NULL),(100,'librarysill@hotma1l.us','$2a$10$yhZgoXXe74oc8C27fR4vSe1hfi7Hep8jfgknmdhuZ7.9IIIzfU0d2','Ronald Dodson','5251375478','923 Agines Run',NULL),(101,'mbarton10@b1zmail.biz','$2a$10$jeQquBbGRy5ex3V9z8kDqeBuXChc9ixxCSUs1V5uwwu93jACczX5O','Abby David','9871140767','428 Frazeysburg Street',NULL),(102,'whatworld@gma1l.us','$2a$10$VhpZxEo6HDHssvoGUY2n6uFbV4VKf.U6q4BpklYkDF0Q5G/Bdtge6','Jodi Powers','5080956645','1550 Wargo St',NULL),(103,'nolist@everyma1l.co.uk','$2a$10$.yzKOLbNw5iyMchzihMkAO9juTo88x2Le9vtnwiCu1Q/XGyrJcIAG','Jamie Dale','4673965525','785 Browns Place',NULL),(104,'ghostsofa10@gma1l.net','$2a$10$8dZdfmT5.LCqTeFlX/1fsuI0wVumef5x1oz4GcGmTq0f89mZZSjDK','Allison Woods','6359444883','734 Spencer Avenue',NULL),(105,'gwhitehead@somema1l.biz','$2a$10$dKmMO6CRZ3WnCGDXZ4qRkOgyTZNx9Gqor9hp6rrol56ufMP287fAG','Amber Cabrera','7170850958','561 Hedgewood Parkway',NULL),(106,'ucole@ma1l2u.net','$2a$10$ONyeAKo9sxQ3lHoTorcnQ./zJZyjJSd2EOhrBK7vxLXfkkBe5Kf7O','John Walters','3572461107','710 Westmoor Crescent',NULL),(107,'amoran@somema1l.net','$2a$10$6dUPyGzIAaZMAMa.5JbXK.z8g./E2nCCgo6P3t1ehXFpYcyuEu6M.','Teresa Baldwin','4546411417','1278 Lancaster Drive',NULL),(108,'orgood@somema1l.com','$2a$10$H0jlG/zbi7efHKSarLh4EuszxqWeHp2XOiPP9DIgOF49t.TzIBkLu','Rita Maldonado','7756910475','1796 Columbus Path',NULL),(109,'demandedfind50@yah00.biz','$2a$10$573ja0x5wAGUtfbQ5UXSNevCmyiu/B6bBS3CHUqLDOJXQweGsYavy','Clint Knox','5741363191','1293 Garst Boulevard',NULL),(110,'nobadly@gma1l.org','$2a$10$qREgVkmU8SD3U3xX1hNssOUytFj2Ff69Bcjo9LtBPyzbrTWK2R7IW','Kayla Shields','4519254439','1006 Rigny Avenue',NULL),(111,'whowhat@ma1l2u.net','$2a$10$nayEhxFU2FqUoo0xVjI.y.6gunjJ/zGY4fhuXvFMWjzMvC7CEDSd6','Melanie Valenzuela','3834496551','567 Michael St',NULL),(112,'fireprobably@yah00.com','$2a$10$qgkBftWPskU6gqAueE.23u9L/MQ36rZngzIJufjKjC.7FIRDGPvp2','Misty Pena','0663001871','966 Quarry Drv',NULL),(113,'ghuffman53@yah00.us','$2a$10$/5fR/pZUsSAbZ57FTvNXAupZZThbWHQMNDVVvzmfXAVKfEr14JKf2','Sierra McCormick','7273158499','530 Sturtz Run',NULL),(114,'csnow@hotma1l.net','$2a$10$PEz3mmwbQIOGAKDSZTHRS.FcbrheV5fypK1QSKDz06yMjqfZC4a5C','Sara Holden','1652510203','1730 Snoke Drv',NULL),(115,'ofboon@everyma1l.net','$2a$10$BNt/IcN1qcuaLVbQVDEH1OBzqyNbI14fr3EOj9jkuZlRkL.7jxowu','Barb Sears','7680096290','1448 Lewis Heights',NULL),(116,'willopen35@b1zmail.org','$2a$10$UrwUjmb6uUTWDKmeNg3kVuG8vDGSSHsp.bulx426cJtN6CWy9RcPW','Judy Jacobs','6110756526','834 Douglas Park',NULL),(117,'inisland@ma1l2u.co.uk','$2a$10$tXxwbgEAzUQywGRgxsqYxevVLsOqW/6xQtN7QPX197WEDLK8.v37i','Nicole Johnston','2621040469','815 Ildewood Trail',NULL),(118,'sidekickno@somema1l.co.uk','$2a$10$ebkqqmy0hmEGATKVE4lpF.aWHZNTnAe1XXBS26TtJdC.MlKZvQdSG','Kristina Weeks','6639218104','1221 North Ave',NULL),(119,'jcote49@ma1lbox.co.uk','$2a$10$Sc8ylZY4rj6XYL34jWK59ujzQqtj90fCgN21LnkgFNISsukoMsbLu','Carrie Burks','3893049393','1521 Buckeye Ave',NULL),(120,'jdickinson27@b1zmail.org','$2a$10$jGOSY9y5YncD8iL5C7z/HexIQIn2aBWIokVyBe11F4DUoev.IAuKe','Joey Schroeder','0964442342','520 Green Drive',NULL),(121,'suspensesomething96@gma1l.net','$2a$10$HGP1ceZM4dMFNS3mSPNupOWgpngJfNtrKizA2qbiYPhibA4WXzgd.','Clint Dejesus','6969578928','1310 Ohio Drive',NULL),(122,'domy36@somema1l.org','$2a$10$G7XVHpL7CuczkoVYCBuRPuK6bTzTkrz2s/Uzb1aokRDjGwuYzicuS','Andrew Spears','3104884058','1655 Crock Road',NULL),(123,'withwhat@yah00.com','$2a$10$WUpGVrFPIFd63xXOlmpffeIfJqZTOzB55WVbL9nPvXfbNcdw1sAZK','Marilyn Spence','1310550735','1756 Walker Ave',NULL),(124,'cgalloway@ma1lbox.co.uk','$2a$10$vsJp3plHBY00rX0eTmLltOVp84vff/2IVnHoGJ5WKSBzJKuBzwh4.','Father Carver','9214781549','1494 Kibler Parkway',NULL),(125,'sothrow@everyma1l.net','$2a$10$0CWN8UWCPNHRO3kO8abnlOzaTGoO2S28EbWw2.f.3XLIpwSF5rYIm','Dorothy Nieves','5218126767','1079 Larkspur Lane',NULL),(126,'msummers@yah00.us','$2a$10$wJdSaIDiIrgF4UoF.4TyQeS/1sMFH0vnEGqWf0/DAwWfK6MoR9A4O','Glen Gay','1706247579','466 Belmont Ave',NULL),(127,'onwrong@ma1l2u.biz','$2a$10$ka7Yyax6qW7cterjVCLAnu9dxZcDsh3vz5vd/4K3Os2ue5D9fo8IS','Janet Gamble','0289242658','626 Mohawk Trail',NULL),(128,'rbarr19@everyma1l.us','$2a$10$WozIvP1/sc79wN5Hn4uJB.XnKs2bQUYpaQeBNPJzMPtsZ1jby0PY.','Veronica Sheppard','6285482800','1245 Rondayle Street',NULL),(129,'tryingit\'s@hotma1l.biz','$2a$10$XlPnRTqgsjQYRiGKeyNGFefAln49fxi7vXwK2GdpZL56CdJGM8c2C','Tom Franco','3407568907','610 Neptune St',NULL),(130,'hatabout@gma1l.com','$2a$10$garT5tjVWAlO.Lsug7W/pO0s2wUuxPikrLz3bWZNTwbXZ16RW77c2','Dorothy Wong','6896806372','779 Hayes Ln',NULL),(131,'willill@somema1l.co.uk','$2a$10$1c4pyeP5rY2j0HnFKKvHSuQOO3biM7m7fxnj3ZaUsm5U2W0bul5vS','Amanda Simmons','9622730895','1347 Reading Avenue',NULL),(132,'lightsill@b1zmail.us','$2a$10$uvcO8kyAUEi4iy4WdzeUBOfvb2pa54FOIbAzfqeAmhI282O1ES5Ri','Laura French','1208807381','517 Carlton Street',NULL),(133,'mneal@ma1l2u.co.uk','$2a$10$cFe1qOQom5QcXj7lFES6QetSaYK6hpALe552KkxMrgv21K8NaGjue','Unborn Wall','8937552892','1604 Denbigh Square',NULL),(134,'computergood@ma1lbox.org','$2a$10$6L3JPkefegCXWa6FRxueAOrAkg2ZsengRyJ99d6dvQqq3Ntcx357C','Madison Slater','8023977863','1620 Diagonal Ln',NULL),(135,'smendez4@gma1l.us','$2a$10$C.fFkEeY9L7H63VI7HQIueqBXEiHPvBS9Hue/weARtQCwWDGAOYy6','Greg Molina','5434968946','1067 Chandlersville Path',NULL),(136,'handledsacrifice@hotma1l.org','$2a$10$V/xztWBg7/UChuYbCOqof.9oiCrdn.qBby7h5C2UEtdf.3S4oVGR.','Kendra Sharp','8406834838','409 Eastmoor Drv',NULL),(137,'textof@everyma1l.biz','$2a$10$hgGA9Zxt5XTT/FDSc.O9ne8EziB98RQP.FR7kiNhsSWgeXFc5x1ue','Ann Landry','4471986507','1300 Overlook Drive',NULL),(138,'tkim@ma1l2u.com','$2a$10$0JzcljzaCbeV1GIpR2j2YudLUyaWp0jS8L4YYttQoFmQVfBfi1mLG','Shaun Cantu','0296850168','407 Lasalle Ridge',NULL);
/*!40000 ALTER TABLE `account` ENABLE KEYS */;
UNLOCK TABLES;

--
-- Table structure for table `bill`
--

DROP TABLE IF EXISTS `bill`;
/*!40101 SET @saved_cs_client     = @@character_set_client */;
/*!40101 SET character_set_client = utf8 */;
CREATE TABLE `bill` (
  `bill_id` int(11) NOT NULL AUTO_INCREMENT,
  `date_time` datetime NOT NULL,
  `station_id_first` int(11) DEFAULT NULL,
  `station_id_last` int(11) DEFAULT NULL,
  `customer_name` varchar(60) NOT NULL,
  `customer_phone` varchar(15) NOT NULL,
  `cus_start_point` varchar(45) NOT NULL,
  `cus_end_point` varchar(45) NOT NULL,
  `status` tinyint(4) DEFAULT NULL,
  `week_schedule_id` int(11) DEFAULT NULL,
  `seat_type` tinyint(4) DEFAULT NULL,
  `car_id` int(11) DEFAULT NULL,
  `driver_id` int(11) DEFAULT NULL,
  `route_id` int(11) DEFAULT NULL,
  PRIMARY KEY (`bill_id`),
  KEY `bill_station_first_idx` (`station_id_first`),
  KEY `bill_station_last_idx` (`station_id_last`),
  KEY `bill_ws_idx` (`week_schedule_id`),
  KEY `bill_car_idx` (`car_id`),
  KEY `bill_driver_idx` (`driver_id`),
  KEY `bill_route_idx` (`route_id`),
  CONSTRAINT `FK546wdhm4uolavfribxp24h0lo` FOREIGN KEY (`route_id`) REFERENCES `route` (`route_id`),
  CONSTRAINT `FK6rvot2hjl5jy14rxq2xca21au` FOREIGN KEY (`car_id`) REFERENCES `car` (`car_id`),
  CONSTRAINT `FKha5w686kmpqqxokvui6kwjp6u` FOREIGN KEY (`station_id_first`) REFERENCES `station` (`station_id`),
  CONSTRAINT `FKj7ru5tulucti2va2049rrq78t` FOREIGN KEY (`week_schedule_id`) REFERENCES `week_schedule` (`week_schedule_id`),
  CONSTRAINT `FKjwsmshekrpi6e3t1aba25r44m` FOREIGN KEY (`driver_id`) REFERENCES `driver` (`driver_id`),
  CONSTRAINT `FKkv4dp6v7p4ge2nsnpmwdko1tt` FOREIGN KEY (`station_id_last`) REFERENCES `station` (`station_id`),
  CONSTRAINT `bill_car` FOREIGN KEY (`car_id`) REFERENCES `car` (`car_id`) ON DELETE NO ACTION ON UPDATE NO ACTION,
  CONSTRAINT `bill_driver` FOREIGN KEY (`driver_id`) REFERENCES `driver` (`driver_id`) ON DELETE NO ACTION ON UPDATE NO ACTION,
  CONSTRAINT `bill_route` FOREIGN KEY (`route_id`) REFERENCES `route` (`route_id`) ON DELETE NO ACTION ON UPDATE NO ACTION,
  CONSTRAINT `bill_station_first` FOREIGN KEY (`station_id_last`) REFERENCES `station` (`station_id`) ON DELETE NO ACTION ON UPDATE NO ACTION,
  CONSTRAINT `bill_station_last` FOREIGN KEY (`station_id_last`) REFERENCES `station` (`station_id`) ON DELETE NO ACTION ON UPDATE NO ACTION,
  CONSTRAINT `bill_ws` FOREIGN KEY (`week_schedule_id`) REFERENCES `week_schedule` (`week_schedule_id`) ON DELETE NO ACTION ON UPDATE NO ACTION
) ENGINE=InnoDB AUTO_INCREMENT=8 DEFAULT CHARSET=utf8;
/*!40101 SET character_set_client = @saved_cs_client */;

--
-- Dumping data for table `bill`
--

LOCK TABLES `bill` WRITE;
/*!40000 ALTER TABLE `bill` DISABLE KEYS */;
INSERT INTO `bill` VALUES (1,'2017-05-29 10:02:08',1,4,'Khanh','0433000333','ho guom','tp thanh hoa',1,7,2,7,7,2),(2,'2017-05-29 10:05:09',1,4,'Thang','0978456789','ho guom','tp thanh hoa',1,7,1,7,7,2),(3,'2017-05-29 10:07:30',1,4,'Hoa','0123456577','ho guom','tp thanh hoa',1,7,1,7,7,2),(4,'2017-05-29 10:21:28',1,4,'Khanh','0123456789','ho guom','tp thanh hoa',1,7,1,7,7,2),(5,'2017-05-29 10:39:41',1,4,'Nguyen Van An','0123456789','cong vien thong nhat','tp thanh hoa',1,7,1,7,7,2),(6,'2017-05-29 11:06:59',1,4,'Tran Van Thanh','0987667789','ho guom','cau ham rong',1,NULL,1,1,1,1),(7,'2017-05-29 11:14:07',1,4,'Nguyen Van Thanh','03593054039','bach khoa','tp thanh hoa',1,31,1,1,1,1);
/*!40000 ALTER TABLE `bill` ENABLE KEYS */;
UNLOCK TABLES;

--
-- Table structure for table `car`
--

DROP TABLE IF EXISTS `car`;
/*!40101 SET @saved_cs_client     = @@character_set_client */;
/*!40101 SET character_set_client = utf8 */;
CREATE TABLE `car` (
  `car_id` int(11) NOT NULL AUTO_INCREMENT,
  `car_type` varchar(45) DEFAULT NULL,
  `num_seat_type_1` int(11) DEFAULT NULL,
  `num_seat_type_2` int(11) DEFAULT NULL,
  `license_plate` varchar(45) NOT NULL,
  `driver_id` int(11) NOT NULL,
  PRIMARY KEY (`car_id`),
  KEY `car_driver_idx` (`driver_id`),
  CONSTRAINT `FKt075681k23ii3uvdxjvvmmpm` FOREIGN KEY (`driver_id`) REFERENCES `driver` (`driver_id`),
  CONSTRAINT `car_driver` FOREIGN KEY (`driver_id`) REFERENCES `driver` (`driver_id`) ON DELETE NO ACTION ON UPDATE NO ACTION
) ENGINE=InnoDB AUTO_INCREMENT=107 DEFAULT CHARSET=utf8;
/*!40101 SET character_set_client = @saved_cs_client */;

--
-- Dumping data for table `car`
--

LOCK TABLES `car` WRITE;
/*!40000 ALTER TABLE `car` DISABLE KEYS */;
INSERT INTO `car` VALUES (1,'Limousine 9 seat',5,3,'29A - 1234',1),(2,'Limousine 9 seat',5,3,'29A - 0938',2),(3,'Limousine 9 seat',5,3,'29A - 3487',3),(4,'Limousine 9 seat',5,3,'29A - 1213',4),(5,'Limousine 9 seat',5,3,'29A - 9898',5),(6,'Limousine 9 seat',5,3,'29A - 2222',6),(7,'Limousine 9 seat',5,3,'29A - 3333',7),(8,'Limousine 9 seat',5,3,'29Z - 9176',9),(9,'Limousine 9 seat',5,3,'29B - 8284',10),(10,'Limousine 9 seat',5,3,'29P - 0843',11),(11,'Limousine 9 seat',5,3,'29I - 2972',12),(12,'Limousine 9 seat',5,3,'29W - 1311',13),(13,'Limousine 9 seat',5,3,'29Q - 6797',14),(14,'Limousine 9 seat',5,3,'29X - 4709',15),(15,'Limousine 9 seat',5,3,'29D - 4600',16),(16,'Limousine 9 seat',5,3,'29T - 1495',17),(17,'Limousine 9 seat',5,3,'29A - 5512',18),(18,'Limousine 9 seat',5,3,'29X - 5392',19),(19,'Limousine 9 seat',5,3,'29R - 2588',20),(20,'Limousine 9 seat',5,3,'29B - 9174',21),(21,'Limousine 9 seat',5,3,'29A - 7842',22),(22,'Limousine 9 seat',5,3,'29H - 9765',23),(23,'Limousine 9 seat',5,3,'29N - 7336',24),(24,'Limousine 9 seat',5,3,'29J - 1901',25),(25,'Limousine 9 seat',5,3,'29P - 1696',26),(26,'Limousine 9 seat',5,3,'29A - 7945',27),(27,'Limousine 9 seat',5,3,'29J - 3137',28),(28,'Limousine 9 seat',5,3,'29C - 9470',29),(29,'Limousine 9 seat',5,3,'29G - 5879',30),(30,'Limousine 9 seat',5,3,'29N - 5965',31),(31,'Limousine 9 seat',5,3,'29M - 4704',32),(32,'Limousine 9 seat',5,3,'29E - 3395',33),(33,'Limousine 9 seat',5,3,'29Q - 3418',34),(34,'Limousine 9 seat',5,3,'29Q - 2294',35),(35,'Limousine 9 seat',5,3,'29Y - 6404',36),(36,'Limousine 9 seat',5,3,'29N - 8745',37),(37,'Limousine 9 seat',5,3,'29Z - 1022',38),(38,'Limousine 9 seat',5,3,'29L - 1639',39),(39,'Limousine 9 seat',5,3,'29K - 4393',40),(40,'Limousine 9 seat',5,3,'29F - 3500',41),(41,'Limousine 9 seat',5,3,'29X - 7252',42),(42,'Limousine 9 seat',5,3,'29C - 7510',43),(43,'Limousine 9 seat',5,3,'29Z - 1043',44),(44,'Limousine 9 seat',5,3,'29H - 7012',45),(45,'Limousine 9 seat',5,3,'29M - 3930',46),(46,'Limousine 9 seat',5,3,'29Q - 5045',47),(47,'Limousine 9 seat',5,3,'29N - 6517',48),(48,'Limousine 9 seat',5,3,'29A - 6897',49),(49,'Limousine 9 seat',5,3,'29C - 4648',50),(50,'Limousine 9 seat',5,3,'29D - 4136',51),(51,'Limousine 9 seat',5,3,'29B - 5188',52),(52,'Limousine 9 seat',5,3,'29Z - 4076',53),(53,'Limousine 9 seat',5,3,'29B - 5224',54),(54,'Limousine 9 seat',5,3,'29B - 0712',55),(55,'Limousine 9 seat',5,3,'29L - 3179',56),(56,'Limousine 9 seat',5,3,'29T - 6159',57),(57,'Limousine 9 seat',5,3,'29V - 1747',58),(58,'Limousine 9 seat',5,3,'29N - 4711',59),(59,'Limousine 9 seat',5,3,'29K - 6090',60),(60,'Limousine 9 seat',5,3,'29V - 3475',61),(61,'Limousine 9 seat',5,3,'29S - 2243',62),(62,'Limousine 9 seat',5,3,'29B - 8894',63),(63,'Limousine 9 seat',5,3,'29A - 1894',64),(64,'Limousine 9 seat',5,3,'29J - 8647',65),(65,'Limousine 9 seat',5,3,'29P - 4659',66),(66,'Limousine 9 seat',5,3,'29B - 6548',67),(67,'Limousine 9 seat',5,3,'29F - 7485',68),(68,'Limousine 9 seat',5,3,'29Y - 1196',69),(69,'Limousine 9 seat',5,3,'29P - 9213',70),(70,'Limousine 9 seat',5,3,'29V - 8190',71),(71,'Limousine 9 seat',5,3,'29N - 6611',72),(72,'Limousine 9 seat',5,3,'29J - 9450',73),(73,'Limousine 9 seat',5,3,'29P - 0245',74),(74,'Limousine 9 seat',5,3,'29Q - 2736',75),(75,'Limousine 9 seat',5,3,'29J - 4418',76),(76,'Limousine 9 seat',5,3,'29L - 7725',77),(77,'Limousine 9 seat',5,3,'29Q - 4645',78),(78,'Limousine 9 seat',5,3,'29C - 9557',79),(79,'Limousine 9 seat',5,3,'29U - 9493',80),(80,'Limousine 9 seat',5,3,'29D - 5277',81),(81,'Limousine 9 seat',5,3,'29T - 1817',82),(82,'Limousine 9 seat',5,3,'29U - 3731',83),(83,'Limousine 9 seat',5,3,'29Y - 4924',84),(84,'Limousine 9 seat',5,3,'29P - 5635',85),(85,'Limousine 9 seat',5,3,'29A - 9212',86),(86,'Limousine 9 seat',5,3,'29Y - 2278',87),(87,'Limousine 9 seat',5,3,'29F - 4067',88),(88,'Limousine 9 seat',5,3,'29A - 1938',89),(89,'Limousine 9 seat',5,3,'29P - 8757',90),(90,'Limousine 9 seat',5,3,'29H - 6667',91),(91,'Limousine 9 seat',5,3,'29V - 6896',92),(92,'Limousine 9 seat',5,3,'29U - 5702',93),(93,'Limousine 9 seat',5,3,'29O - 4262',94),(94,'Limousine 9 seat',5,3,'29R - 8029',95),(95,'Limousine 9 seat',5,3,'29L - 0224',96),(96,'Limousine 9 seat',5,3,'29N - 1499',97),(97,'Limousine 9 seat',5,3,'29K - 5283',98),(98,'Limousine 9 seat',5,3,'29P - 3352',99),(99,'Limousine 9 seat',5,3,'29C - 2745',100),(100,'Limousine 9 seat',5,3,'29M - 4241',101),(101,'Limousine 9 seat',5,3,'29G - 3338',102),(102,'Limousine 9 seat',5,3,'29R - 5249',103),(103,'Limousine 9 seat',5,3,'29G - 7438',104),(104,'Limousine 9 seat',5,3,'29Z - 0484',105),(105,'Limousine 9 seat',5,3,'29O - 7038',106),(106,'Limousine 9 seat',5,3,'29I - 9688',107);
/*!40000 ALTER TABLE `car` ENABLE KEYS */;
UNLOCK TABLES;

--
-- Table structure for table `driver`
--

DROP TABLE IF EXISTS `driver`;
/*!40101 SET @saved_cs_client     = @@character_set_client */;
/*!40101 SET character_set_client = utf8 */;
CREATE TABLE `driver` (
  `driver_id` int(11) NOT NULL AUTO_INCREMENT,
  `driver_name` varchar(45) DEFAULT NULL,
  `phone_number` varchar(15) DEFAULT NULL,
  PRIMARY KEY (`driver_id`)
) ENGINE=InnoDB AUTO_INCREMENT=110 DEFAULT CHARSET=utf8;
/*!40101 SET character_set_client = @saved_cs_client */;

--
-- Dumping data for table `driver`
--

LOCK TABLES `driver` WRITE;
/*!40000 ALTER TABLE `driver` DISABLE KEYS */;
INSERT INTO `driver` VALUES (1,'Nguyễn Tuấn Anh','0912 122 456'),(2,'Đỗ Duy Mạnh','01675 909 312'),(3,'Phạm Đức Huy','0963 123 456'),(4,'Nguyễn Văn Quyết','0979 111 222'),(5,'Vũ Minh Tuấn','0123 456 789'),(6,'Phạm Văn Tiến','0976 111 222'),(7,'Lê Văn Tuấn Anh','0967 122 929'),(8,'Lê Anh Phương','0983 903 399'),(9,'Trần Văn Quyết','0915 349 098'),(10,'Nguyễn Sỹ Thành Công','01674 111 222'),(11,'Lindsey Craft','6182845084'),(12,'Tim McGuire','7281311667'),(13,'Nancy Stevens','7091460091'),(14,'Stephanie Fry','5512353921'),(15,'Janet Abbott','3917407842'),(16,'Brian Jefferson','5573361190'),(17,'Marty Franco','9647945331'),(18,'Myron Blanchard','4700587955'),(19,'Michael Gross','4704233956'),(20,'Kylie Adams','4229486404'),(21,'Patrick Walker','5710229163'),(22,'Erin Stafford','9313500572'),(23,'Carrie McDowell','5107104337'),(24,'Jeremiah Bird','3930850459'),(25,'Brad Mays','2689744648'),(26,'Tristan Curry','6151883407'),(27,'Barb Maddox','2410712731'),(28,'Douglas Shelton','1593174754'),(29,'Cassandra Lindsay','6090134758'),(30,'Debbie Greene','9889461894'),(31,'Ruth Kinney','7746597654'),(32,'Richard Richmond','8581196392'),(33,'Justin Henry','1907661119'),(34,'Rocky Bender','0245027361'),(35,'Ronda Hopper','3772584645'),(36,'Norman Buckner','7894933527'),(37,'Brittany Sweeney','1723731249'),(38,'Edward Campbell','6356921222'),(39,'Sue Ferrell','4067219389'),(40,'Jessie Cortez','5666756896'),(41,'Paige Atkins','2242623802'),(42,'Darrell George','2491499452'),(43,'Bobby Wallace','3520274544'),(44,'Billie Daugherty','3338152490'),(45,'Larry Collins','1048447038'),(46,'Terri Benjamin','8382591328'),(47,'Steve Obrien','7954671616'),(48,'Gage McKnight','6804204188'),(49,'Don Wells','3378317811'),(50,'Jenny Morton','0498320576'),(51,'Logan Hopper','5384039198'),(52,'Michael Ellison','5520865698'),(53,'Hunter Sykes','9767637568'),(54,'Valerie Rowe','4861539380'),(55,'Leroy Warren','5309327039'),(56,'Charlotte Jefferson','1944720861'),(57,'Jacob Thornton','2392924272'),(58,'Josh Molina','0348593998'),(59,'Regina Foley','5601529086'),(60,'Robbie Lowe','2097005627'),(61,'Arthur Charles','6792277087'),(62,'Floyd Espinoza','2992032920'),(63,'Eric Vazquez','8236563281'),(64,'Sabrina Sheppard','1734597477'),(65,'Wayne Cochran','2810273830'),(66,'Cheyenne Simon','0341911148'),(67,'Alyssa Richmond','3728676064'),(68,'Alex Dunlap','0546501330'),(69,'Don Mitchell','0585507567'),(70,'Vickie Knowles','2040300547'),(71,'Tyrone Haley','3802079261'),(72,'Kaitlyn Lara','1926390834'),(73,'Alexandra Kennedy','9026992362'),(74,'Theresa Sloan','4664022989'),(75,'Alice Rice','5304343062'),(76,'Andy Bullock','2626945758'),(77,'Dalton Walter','1005504539'),(78,'Wanda Walsh','0558902241'),(79,'Jean Nelson','7947000297'),(80,'Clarence Walker','6843293705'),(81,'Sue Dorsey','6060302245'),(82,'Tia Carlson','5438632375'),(83,'Joseph Stark','8057017481'),(84,'Steve Strong','8011947057'),(85,'Brad Hood','1585478545'),(86,'Vivian Pitts','7211793175'),(87,'Jessica Walls','1506142826'),(88,'Timothy Ratliff','0371839289'),(89,'Stacy Herrera','1852518418'),(90,'Virginia Moss','4454589795'),(91,'Brian Wallace','3088351172'),(92,'Brian Ewing','6978824319'),(93,'Brooke Cook','2275818454'),(94,'Billie Tate','5800056584'),(95,'Mary Schultz','5414625476'),(96,'Christoph Rice','9751960088'),(97,'Debra Albert','2290729182'),(98,'Ed Hayden','8543461028'),(99,'Darla Crawford','9711916949'),(100,'Dale Kline','9667558137'),(101,'Francis Cannon','7905453871'),(102,'Lori Cash','7082201369'),(103,'Billy Jarvis','3796555551'),(104,'Harry Swanson','2740475630'),(105,'Vivian Munoz','0539876732'),(106,'Shanna Graham','9010098079'),(107,'Kyle Guthrie','4574248309'),(108,'Everett Brooks','4234228399'),(109,'Chase Winters','9656879220');
/*!40000 ALTER TABLE `driver` ENABLE KEYS */;
UNLOCK TABLES;

--
-- Table structure for table `route`
--

DROP TABLE IF EXISTS `route`;
/*!40101 SET @saved_cs_client     = @@character_set_client */;
/*!40101 SET character_set_client = utf8 */;
CREATE TABLE `route` (
  `route_id` int(11) NOT NULL AUTO_INCREMENT,
  `origin` varchar(45) NOT NULL,
  `destination` varchar(45) NOT NULL,
  `cost_seat_type_1` int(11) DEFAULT NULL,
  `cost_seat_type_2` int(11) DEFAULT NULL,
  `minute` int(11) DEFAULT NULL,
  PRIMARY KEY (`route_id`)
) ENGINE=InnoDB AUTO_INCREMENT=6 DEFAULT CHARSET=utf8;
/*!40101 SET character_set_client = @saved_cs_client */;

--
-- Dumping data for table `route`
--

LOCK TABLES `route` WRITE;
/*!40000 ALTER TABLE `route` DISABLE KEYS */;
INSERT INTO `route` VALUES (1,'Hà Nội','Thanh Hóa',180,150,NULL),(2,'Thái Nguyên','Ninh Bình',150,130,NULL),(3,'Thái Bình','Hải Phòng',200,170,NULL),(4,'Hải Phòng','Nam Định',150,130,NULL),(5,'Bắc Giang','Tuyên Quang',300,260,NULL);
/*!40000 ALTER TABLE `route` ENABLE KEYS */;
UNLOCK TABLES;

--
-- Table structure for table `schedule_control`
--

DROP TABLE IF EXISTS `schedule_control`;
/*!40101 SET @saved_cs_client     = @@character_set_client */;
/*!40101 SET character_set_client = utf8 */;
CREATE TABLE `schedule_control` (
  `schedule_id` int(11) NOT NULL,
  `date_time` datetime NOT NULL,
  `route_id` int(11) NOT NULL,
  `car_id` int(11) NOT NULL,
  `driver_id` int(11) NOT NULL,
  PRIMARY KEY (`schedule_id`),
  KEY `sc_car_idx` (`car_id`),
  KEY `sc_driver_idx` (`driver_id`),
  KEY `sc_route_idx` (`route_id`),
  CONSTRAINT `FK7rv93572u8h6eu83chdaaljnu` FOREIGN KEY (`driver_id`) REFERENCES `driver` (`driver_id`),
  CONSTRAINT `FKn2hamn0c6mo1pegjbl8048w3c` FOREIGN KEY (`route_id`) REFERENCES `route` (`route_id`),
  CONSTRAINT `FKse5ayruagltfbbs28py2rv9oa` FOREIGN KEY (`car_id`) REFERENCES `car` (`car_id`),
  CONSTRAINT `sc_car` FOREIGN KEY (`car_id`) REFERENCES `car` (`car_id`) ON DELETE NO ACTION ON UPDATE NO ACTION,
  CONSTRAINT `sc_driver` FOREIGN KEY (`driver_id`) REFERENCES `driver` (`driver_id`) ON DELETE NO ACTION ON UPDATE NO ACTION,
  CONSTRAINT `sc_route` FOREIGN KEY (`route_id`) REFERENCES `route` (`route_id`) ON DELETE NO ACTION ON UPDATE NO ACTION
) ENGINE=InnoDB DEFAULT CHARSET=utf8;
/*!40101 SET character_set_client = @saved_cs_client */;

--
-- Dumping data for table `schedule_control`
--

LOCK TABLES `schedule_control` WRITE;
/*!40000 ALTER TABLE `schedule_control` DISABLE KEYS */;
/*!40000 ALTER TABLE `schedule_control` ENABLE KEYS */;
UNLOCK TABLES;

--
-- Table structure for table `station`
--

DROP TABLE IF EXISTS `station`;
/*!40101 SET @saved_cs_client     = @@character_set_client */;
/*!40101 SET character_set_client = utf8 */;
CREATE TABLE `station` (
  `station_id` int(11) NOT NULL AUTO_INCREMENT,
  `station_name` varchar(45) NOT NULL,
  `route_id` int(11) DEFAULT NULL,
  `order` tinyint(4) DEFAULT NULL,
  PRIMARY KEY (`station_id`),
  KEY `station_route_idx` (`route_id`),
  CONSTRAINT `FK9y8el64ewnhgt8x9hflaxuppc` FOREIGN KEY (`route_id`) REFERENCES `route` (`route_id`),
  CONSTRAINT `station_route` FOREIGN KEY (`route_id`) REFERENCES `route` (`route_id`) ON DELETE NO ACTION ON UPDATE NO ACTION
) ENGINE=InnoDB AUTO_INCREMENT=22 DEFAULT CHARSET=utf8;
/*!40101 SET character_set_client = @saved_cs_client */;

--
-- Dumping data for table `station`
--

LOCK TABLES `station` WRITE;
/*!40000 ALTER TABLE `station` DISABLE KEYS */;
INSERT INTO `station` VALUES (1,'Công viên Thống Nhất',1,1),(2,'Ngã tư Văn Cao – Thuỵ Khuê',1,1),(3,'Ga Hà Nội (Nằm trên phố Lê Duẩn)',1,1),(4,'Cầu Hàm Rồng',1,2),(5,'Thành phố Thanh Hóa',1,2),(6,'Trạm đầu 1',2,1),(7,'Trạm đầu 2',2,1),(8,'Trạm cuối 1',2,2),(9,'Trạm cuối 2',2,2),(10,'Trạm đầu 1',3,1),(11,'Trạm đầu 2',3,1),(12,'Trạm cuối 1',3,2),(13,'Trạm cuối 2',3,2),(14,'Trạm đầu 1',4,1),(15,'Trạm đầu 2',4,1),(16,'Trạm cuối 1',4,2),(17,'Trạm cuối 2',4,2),(18,'Trạm đầu 1',5,1),(19,'Trạm đầu 2',5,1),(20,'Trạm cuối 1',5,2),(21,'Trạm cuối 2',5,2);
/*!40000 ALTER TABLE `station` ENABLE KEYS */;
UNLOCK TABLES;

--
-- Table structure for table `stop_point`
--

DROP TABLE IF EXISTS `stop_point`;
/*!40101 SET @saved_cs_client     = @@character_set_client */;
/*!40101 SET character_set_client = utf8 */;
CREATE TABLE `stop_point` (
  `stop_point_id` int(11) NOT NULL AUTO_INCREMENT,
  `route_id` int(11) NOT NULL,
  `numerical_order` int(11) NOT NULL,
  `stop_point_name` varchar(45) NOT NULL,
  `minute_to` int(11) DEFAULT NULL,
  `distance` int(11) DEFAULT NULL,
  PRIMARY KEY (`stop_point_id`),
  KEY `stop_point_route_idx` (`route_id`),
  CONSTRAINT `FKjv73m6ac8h4h2h6o61tft7pjr` FOREIGN KEY (`route_id`) REFERENCES `route` (`route_id`),
  CONSTRAINT `stop_point_route` FOREIGN KEY (`route_id`) REFERENCES `route` (`route_id`) ON DELETE NO ACTION ON UPDATE NO ACTION
) ENGINE=InnoDB AUTO_INCREMENT=5 DEFAULT CHARSET=utf8;
/*!40101 SET character_set_client = @saved_cs_client */;

--
-- Dumping data for table `stop_point`
--

LOCK TABLES `stop_point` WRITE;
/*!40000 ALTER TABLE `stop_point` DISABLE KEYS */;
INSERT INTO `stop_point` VALUES (1,1,1,'Giải Phóng',20,20),(2,1,2,'Bến Xe Giáp Bát',30,10),(3,1,3,'Bến Xe Nước Ngầm',40,50),(4,1,4,'Cao tốc Pháp Vân',60,70);
/*!40000 ALTER TABLE `stop_point` ENABLE KEYS */;
UNLOCK TABLES;

--
-- Table structure for table `week_schedule`
--

DROP TABLE IF EXISTS `week_schedule`;
/*!40101 SET @saved_cs_client     = @@character_set_client */;
/*!40101 SET character_set_client = utf8 */;
CREATE TABLE `week_schedule` (
  `week_schedule_id` int(11) NOT NULL AUTO_INCREMENT,
  `weekday` int(11) NOT NULL,
  `route_id` int(11) NOT NULL,
  `date_time` datetime NOT NULL,
  `car_id` int(11) NOT NULL,
  PRIMARY KEY (`week_schedule_id`),
  KEY `ws_car_idx` (`car_id`),
  KEY `ws_route_idx` (`route_id`),
  CONSTRAINT `FK2f47bamosbt621mmmed6i6mml` FOREIGN KEY (`car_id`) REFERENCES `car` (`car_id`),
  CONSTRAINT `FKn6oxk7el3jbrfpdhwwvme1uis` FOREIGN KEY (`route_id`) REFERENCES `route` (`route_id`),
  CONSTRAINT `ws_car` FOREIGN KEY (`car_id`) REFERENCES `car` (`car_id`) ON DELETE NO ACTION ON UPDATE NO ACTION,
  CONSTRAINT `ws_route` FOREIGN KEY (`route_id`) REFERENCES `route` (`route_id`) ON DELETE NO ACTION ON UPDATE NO ACTION
) ENGINE=InnoDB AUTO_INCREMENT=421 DEFAULT CHARSET=utf8;
/*!40101 SET character_set_client = @saved_cs_client */;

--
-- Dumping data for table `week_schedule`
--

LOCK TABLES `week_schedule` WRITE;
/*!40000 ALTER TABLE `week_schedule` DISABLE KEYS */;
INSERT INTO `week_schedule` VALUES (1,1,1,'2017-05-29 06:00:00',1),(2,1,1,'2017-05-29 08:00:00',2),(3,1,1,'2017-05-29 10:00:00',3),(4,1,1,'2017-05-29 12:00:00',4),(5,1,1,'2017-05-29 14:00:00',5),(6,1,1,'2017-05-29 16:00:00',6),(7,1,2,'2017-05-29 06:00:00',7),(8,1,2,'2017-05-29 08:00:00',8),(9,1,2,'2017-05-29 10:00:00',9),(10,1,2,'2017-05-29 12:00:00',10),(11,1,2,'2017-05-29 14:00:00',11),(12,1,2,'2017-05-29 16:00:00',12),(13,1,3,'2017-05-29 06:00:00',13),(14,1,3,'2017-05-29 08:00:00',14),(15,1,3,'2017-05-29 10:00:00',15),(16,1,3,'2017-05-29 12:00:00',16),(17,1,3,'2017-05-29 14:00:00',17),(18,1,3,'2017-05-29 16:00:00',18),(19,1,4,'2017-05-29 06:00:00',19),(20,1,4,'2017-05-29 08:00:00',20),(21,1,4,'2017-05-29 10:00:00',21),(22,1,4,'2017-05-29 12:00:00',22),(23,1,4,'2017-05-29 14:00:00',23),(24,1,4,'2017-05-29 16:00:00',24),(25,1,5,'2017-05-29 06:00:00',25),(26,1,5,'2017-05-29 08:00:00',26),(27,1,5,'2017-05-29 10:00:00',27),(28,1,5,'2017-05-29 12:00:00',28),(29,1,5,'2017-05-29 14:00:00',29),(30,1,5,'2017-05-29 16:00:00',30),(31,2,1,'2017-05-30 06:00:00',1),(32,2,1,'2017-05-30 08:00:00',2),(33,2,1,'2017-05-30 10:00:00',3),(34,2,1,'2017-05-30 12:00:00',4),(35,2,1,'2017-05-30 14:00:00',5),(36,2,1,'2017-05-30 16:00:00',6),(37,2,2,'2017-05-30 06:00:00',7),(38,2,2,'2017-05-30 08:00:00',8),(39,2,2,'2017-05-30 10:00:00',9),(40,2,2,'2017-05-30 12:00:00',10),(41,2,2,'2017-05-30 14:00:00',11),(42,2,2,'2017-05-30 16:00:00',12),(43,2,3,'2017-05-30 06:00:00',13),(44,2,3,'2017-05-30 08:00:00',14),(45,2,3,'2017-05-30 10:00:00',15),(46,2,3,'2017-05-30 12:00:00',16),(47,2,3,'2017-05-30 14:00:00',17),(48,2,3,'2017-05-30 16:00:00',18),(49,2,4,'2017-05-30 06:00:00',19),(50,2,4,'2017-05-30 08:00:00',20),(51,2,4,'2017-05-30 10:00:00',21),(52,2,4,'2017-05-30 12:00:00',22),(53,2,4,'2017-05-30 14:00:00',23),(54,2,4,'2017-05-30 16:00:00',24),(55,2,5,'2017-05-30 06:00:00',25),(56,2,5,'2017-05-30 08:00:00',26),(57,2,5,'2017-05-30 10:00:00',27),(58,2,5,'2017-05-30 12:00:00',28),(59,2,5,'2017-05-30 14:00:00',29),(60,2,5,'2017-05-30 16:00:00',30),(61,3,1,'2017-05-31 06:00:00',1),(62,3,1,'2017-05-31 08:00:00',2),(63,3,1,'2017-05-31 10:00:00',3),(64,3,1,'2017-05-31 12:00:00',4),(65,3,1,'2017-05-31 14:00:00',5),(66,3,1,'2017-05-31 16:00:00',6),(67,3,2,'2017-05-31 06:00:00',7),(68,3,2,'2017-05-31 08:00:00',8),(69,3,2,'2017-05-31 10:00:00',9),(70,3,2,'2017-05-31 12:00:00',10),(71,3,2,'2017-05-31 14:00:00',11),(72,3,2,'2017-05-31 16:00:00',12),(73,3,3,'2017-05-31 06:00:00',13),(74,3,3,'2017-05-31 08:00:00',14),(75,3,3,'2017-05-31 10:00:00',15),(76,3,3,'2017-05-31 12:00:00',16),(77,3,3,'2017-05-31 14:00:00',17),(78,3,3,'2017-05-31 16:00:00',18),(79,3,4,'2017-05-31 06:00:00',19),(80,3,4,'2017-05-31 08:00:00',20),(81,3,4,'2017-05-31 10:00:00',21),(82,3,4,'2017-05-31 12:00:00',22),(83,3,4,'2017-05-31 14:00:00',23),(84,3,4,'2017-05-31 16:00:00',24),(85,3,5,'2017-05-31 06:00:00',25),(86,3,5,'2017-05-31 08:00:00',26),(87,3,5,'2017-05-31 10:00:00',27),(88,3,5,'2017-05-31 12:00:00',28),(89,3,5,'2017-05-31 14:00:00',29),(90,3,5,'2017-05-31 16:00:00',30),(91,4,1,'2017-06-01 06:00:00',1),(92,4,1,'2017-06-01 08:00:00',2),(93,4,1,'2017-06-01 10:00:00',3),(94,4,1,'2017-06-01 12:00:00',4),(95,4,1,'2017-06-01 14:00:00',5),(96,4,1,'2017-06-01 16:00:00',6),(97,4,2,'2017-06-01 06:00:00',7),(98,4,2,'2017-06-01 08:00:00',8),(99,4,2,'2017-06-01 10:00:00',9),(100,4,2,'2017-06-01 12:00:00',10),(101,4,2,'2017-06-01 14:00:00',11),(102,4,2,'2017-06-01 16:00:00',12),(103,4,3,'2017-06-01 06:00:00',13),(104,4,3,'2017-06-01 08:00:00',14),(105,4,3,'2017-06-01 10:00:00',15),(106,4,3,'2017-06-01 12:00:00',16),(107,4,3,'2017-06-01 14:00:00',17),(108,4,3,'2017-06-01 16:00:00',18),(109,4,4,'2017-06-01 06:00:00',19),(110,4,4,'2017-06-01 08:00:00',20),(111,4,4,'2017-06-01 10:00:00',21),(112,4,4,'2017-06-01 12:00:00',22),(113,4,4,'2017-06-01 14:00:00',23),(114,4,4,'2017-06-01 16:00:00',24),(115,4,5,'2017-06-01 06:00:00',25),(116,4,5,'2017-06-01 08:00:00',26),(117,4,5,'2017-06-01 10:00:00',27),(118,4,5,'2017-06-01 12:00:00',28),(119,4,5,'2017-06-01 14:00:00',29),(120,4,5,'2017-06-01 16:00:00',30),(121,5,1,'2017-06-02 06:00:00',1),(122,5,1,'2017-06-02 08:00:00',2),(123,5,1,'2017-06-02 10:00:00',3),(124,5,1,'2017-06-02 12:00:00',4),(125,5,1,'2017-06-02 14:00:00',5),(126,5,1,'2017-06-02 16:00:00',6),(127,5,2,'2017-06-02 06:00:00',7),(128,5,2,'2017-06-02 08:00:00',8),(129,5,2,'2017-06-02 10:00:00',9),(130,5,2,'2017-06-02 12:00:00',10),(131,5,2,'2017-06-02 14:00:00',11),(132,5,2,'2017-06-02 16:00:00',12),(133,5,3,'2017-06-02 06:00:00',13),(134,5,3,'2017-06-02 08:00:00',14),(135,5,3,'2017-06-02 10:00:00',15),(136,5,3,'2017-06-02 12:00:00',16),(137,5,3,'2017-06-02 14:00:00',17),(138,5,3,'2017-06-02 16:00:00',18),(139,5,4,'2017-06-02 06:00:00',19),(140,5,4,'2017-06-02 08:00:00',20),(141,5,4,'2017-06-02 10:00:00',21),(142,5,4,'2017-06-02 12:00:00',22),(143,5,4,'2017-06-02 14:00:00',23),(144,5,4,'2017-06-02 16:00:00',24),(145,5,5,'2017-06-02 06:00:00',25),(146,5,5,'2017-06-02 08:00:00',26),(147,5,5,'2017-06-02 10:00:00',27),(148,5,5,'2017-06-02 12:00:00',28),(149,5,5,'2017-06-02 14:00:00',29),(150,5,5,'2017-06-02 16:00:00',30),(151,6,1,'2017-06-03 06:00:00',1),(152,6,1,'2017-06-03 08:00:00',2),(153,6,1,'2017-06-03 10:00:00',3),(154,6,1,'2017-06-03 12:00:00',4),(155,6,1,'2017-06-03 14:00:00',5),(156,6,1,'2017-06-03 16:00:00',6),(157,6,2,'2017-06-03 06:00:00',7),(158,6,2,'2017-06-03 08:00:00',8),(159,6,2,'2017-06-03 10:00:00',9),(160,6,2,'2017-06-03 12:00:00',10),(161,6,2,'2017-06-03 14:00:00',11),(162,6,2,'2017-06-03 16:00:00',12),(163,6,3,'2017-06-03 06:00:00',13),(164,6,3,'2017-06-03 08:00:00',14),(165,6,3,'2017-06-03 10:00:00',15),(166,6,3,'2017-06-03 12:00:00',16),(167,6,3,'2017-06-03 14:00:00',17),(168,6,3,'2017-06-03 16:00:00',18),(169,6,4,'2017-06-03 06:00:00',19),(170,6,4,'2017-06-03 08:00:00',20),(171,6,4,'2017-06-03 10:00:00',21),(172,6,4,'2017-06-03 12:00:00',22),(173,6,4,'2017-06-03 14:00:00',23),(174,6,4,'2017-06-03 16:00:00',24),(175,6,5,'2017-06-03 06:00:00',25),(176,6,5,'2017-06-03 08:00:00',26),(177,6,5,'2017-06-03 10:00:00',27),(178,6,5,'2017-06-03 12:00:00',28),(179,6,5,'2017-06-03 14:00:00',29),(180,6,5,'2017-06-03 16:00:00',30),(181,7,1,'2017-06-04 06:00:00',1),(182,7,1,'2017-06-04 08:00:00',2),(183,7,1,'2017-06-04 10:00:00',3),(184,7,1,'2017-06-04 12:00:00',4),(185,7,1,'2017-06-04 14:00:00',5),(186,7,1,'2017-06-04 16:00:00',6),(187,7,2,'2017-06-04 06:00:00',7),(188,7,2,'2017-06-04 08:00:00',8),(189,7,2,'2017-06-04 10:00:00',9),(190,7,2,'2017-06-04 12:00:00',10),(191,7,2,'2017-06-04 14:00:00',11),(192,7,2,'2017-06-04 16:00:00',12),(193,7,3,'2017-06-04 06:00:00',13),(194,7,3,'2017-06-04 08:00:00',14),(195,7,3,'2017-06-04 10:00:00',15),(196,7,3,'2017-06-04 12:00:00',16),(197,7,3,'2017-06-04 14:00:00',17),(198,7,3,'2017-06-04 16:00:00',18),(199,7,4,'2017-06-04 06:00:00',19),(200,7,4,'2017-06-04 08:00:00',20),(201,7,4,'2017-06-04 10:00:00',21),(202,7,4,'2017-06-04 12:00:00',22),(203,7,4,'2017-06-04 14:00:00',23),(204,7,4,'2017-06-04 16:00:00',24),(205,7,5,'2017-06-04 06:00:00',25),(206,7,5,'2017-06-04 08:00:00',26),(207,7,5,'2017-06-04 10:00:00',27),(208,7,5,'2017-06-04 12:00:00',28),(209,7,5,'2017-06-04 14:00:00',29),(210,7,5,'2017-06-04 16:00:00',30),(211,8,1,'2017-06-05 06:00:00',1),(212,8,1,'2017-06-05 08:00:00',2),(213,8,1,'2017-06-05 10:00:00',3),(214,8,1,'2017-06-05 12:00:00',4),(215,8,1,'2017-06-05 14:00:00',5),(216,8,1,'2017-06-05 16:00:00',6),(217,8,2,'2017-06-05 06:00:00',7),(218,8,2,'2017-06-05 08:00:00',8),(219,8,2,'2017-06-05 10:00:00',9),(220,8,2,'2017-06-05 12:00:00',10),(221,8,2,'2017-06-05 14:00:00',11),(222,8,2,'2017-06-05 16:00:00',12),(223,8,3,'2017-06-05 06:00:00',13),(224,8,3,'2017-06-05 08:00:00',14),(225,8,3,'2017-06-05 10:00:00',15),(226,8,3,'2017-06-05 12:00:00',16),(227,8,3,'2017-06-05 14:00:00',17),(228,8,3,'2017-06-05 16:00:00',18),(229,8,4,'2017-06-05 06:00:00',19),(230,8,4,'2017-06-05 08:00:00',20),(231,8,4,'2017-06-05 10:00:00',21),(232,8,4,'2017-06-05 12:00:00',22),(233,8,4,'2017-06-05 14:00:00',23),(234,8,4,'2017-06-05 16:00:00',24),(235,8,5,'2017-06-05 06:00:00',25),(236,8,5,'2017-06-05 08:00:00',26),(237,8,5,'2017-06-05 10:00:00',27),(238,8,5,'2017-06-05 12:00:00',28),(239,8,5,'2017-06-05 14:00:00',29),(240,8,5,'2017-06-05 16:00:00',30),(241,9,1,'2017-06-06 06:00:00',1),(242,9,1,'2017-06-06 08:00:00',2),(243,9,1,'2017-06-06 10:00:00',3),(244,9,1,'2017-06-06 12:00:00',4),(245,9,1,'2017-06-06 14:00:00',5),(246,9,1,'2017-06-06 16:00:00',6),(247,9,2,'2017-06-06 06:00:00',7),(248,9,2,'2017-06-06 08:00:00',8),(249,9,2,'2017-06-06 10:00:00',9),(250,9,2,'2017-06-06 12:00:00',10),(251,9,2,'2017-06-06 14:00:00',11),(252,9,2,'2017-06-06 16:00:00',12),(253,9,3,'2017-06-06 06:00:00',13),(254,9,3,'2017-06-06 08:00:00',14),(255,9,3,'2017-06-06 10:00:00',15),(256,9,3,'2017-06-06 12:00:00',16),(257,9,3,'2017-06-06 14:00:00',17),(258,9,3,'2017-06-06 16:00:00',18),(259,9,4,'2017-06-06 06:00:00',19),(260,9,4,'2017-06-06 08:00:00',20),(261,9,4,'2017-06-06 10:00:00',21),(262,9,4,'2017-06-06 12:00:00',22),(263,9,4,'2017-06-06 14:00:00',23),(264,9,4,'2017-06-06 16:00:00',24),(265,9,5,'2017-06-06 06:00:00',25),(266,9,5,'2017-06-06 08:00:00',26),(267,9,5,'2017-06-06 10:00:00',27),(268,9,5,'2017-06-06 12:00:00',28),(269,9,5,'2017-06-06 14:00:00',29),(270,9,5,'2017-06-06 16:00:00',30),(271,10,1,'2017-06-07 06:00:00',1),(272,10,1,'2017-06-07 08:00:00',2),(273,10,1,'2017-06-07 10:00:00',3),(274,10,1,'2017-06-07 12:00:00',4),(275,10,1,'2017-06-07 14:00:00',5),(276,10,1,'2017-06-07 16:00:00',6),(277,10,2,'2017-06-07 06:00:00',7),(278,10,2,'2017-06-07 08:00:00',8),(279,10,2,'2017-06-07 10:00:00',9),(280,10,2,'2017-06-07 12:00:00',10),(281,10,2,'2017-06-07 14:00:00',11),(282,10,2,'2017-06-07 16:00:00',12),(283,10,3,'2017-06-07 06:00:00',13),(284,10,3,'2017-06-07 08:00:00',14),(285,10,3,'2017-06-07 10:00:00',15),(286,10,3,'2017-06-07 12:00:00',16),(287,10,3,'2017-06-07 14:00:00',17),(288,10,3,'2017-06-07 16:00:00',18),(289,10,4,'2017-06-07 06:00:00',19),(290,10,4,'2017-06-07 08:00:00',20),(291,10,4,'2017-06-07 10:00:00',21),(292,10,4,'2017-06-07 12:00:00',22),(293,10,4,'2017-06-07 14:00:00',23),(294,10,4,'2017-06-07 16:00:00',24),(295,10,5,'2017-06-07 06:00:00',25),(296,10,5,'2017-06-07 08:00:00',26),(297,10,5,'2017-06-07 10:00:00',27),(298,10,5,'2017-06-07 12:00:00',28),(299,10,5,'2017-06-07 14:00:00',29),(300,10,5,'2017-06-07 16:00:00',30),(301,11,1,'2017-06-08 06:00:00',1),(302,11,1,'2017-06-08 08:00:00',2),(303,11,1,'2017-06-08 10:00:00',3),(304,11,1,'2017-06-08 12:00:00',4),(305,11,1,'2017-06-08 14:00:00',5),(306,11,1,'2017-06-08 16:00:00',6),(307,11,2,'2017-06-08 06:00:00',7),(308,11,2,'2017-06-08 08:00:00',8),(309,11,2,'2017-06-08 10:00:00',9),(310,11,2,'2017-06-08 12:00:00',10),(311,11,2,'2017-06-08 14:00:00',11),(312,11,2,'2017-06-08 16:00:00',12),(313,11,3,'2017-06-08 06:00:00',13),(314,11,3,'2017-06-08 08:00:00',14),(315,11,3,'2017-06-08 10:00:00',15),(316,11,3,'2017-06-08 12:00:00',16),(317,11,3,'2017-06-08 14:00:00',17),(318,11,3,'2017-06-08 16:00:00',18),(319,11,4,'2017-06-08 06:00:00',19),(320,11,4,'2017-06-08 08:00:00',20),(321,11,4,'2017-06-08 10:00:00',21),(322,11,4,'2017-06-08 12:00:00',22),(323,11,4,'2017-06-08 14:00:00',23),(324,11,4,'2017-06-08 16:00:00',24),(325,11,5,'2017-06-08 06:00:00',25),(326,11,5,'2017-06-08 08:00:00',26),(327,11,5,'2017-06-08 10:00:00',27),(328,11,5,'2017-06-08 12:00:00',28),(329,11,5,'2017-06-08 14:00:00',29),(330,11,5,'2017-06-08 16:00:00',30),(331,12,1,'2017-06-09 06:00:00',1),(332,12,1,'2017-06-09 08:00:00',2),(333,12,1,'2017-06-09 10:00:00',3),(334,12,1,'2017-06-09 12:00:00',4),(335,12,1,'2017-06-09 14:00:00',5),(336,12,1,'2017-06-09 16:00:00',6),(337,12,2,'2017-06-09 06:00:00',7),(338,12,2,'2017-06-09 08:00:00',8),(339,12,2,'2017-06-09 10:00:00',9),(340,12,2,'2017-06-09 12:00:00',10),(341,12,2,'2017-06-09 14:00:00',11),(342,12,2,'2017-06-09 16:00:00',12),(343,12,3,'2017-06-09 06:00:00',13),(344,12,3,'2017-06-09 08:00:00',14),(345,12,3,'2017-06-09 10:00:00',15),(346,12,3,'2017-06-09 12:00:00',16),(347,12,3,'2017-06-09 14:00:00',17),(348,12,3,'2017-06-09 16:00:00',18),(349,12,4,'2017-06-09 06:00:00',19),(350,12,4,'2017-06-09 08:00:00',20),(351,12,4,'2017-06-09 10:00:00',21),(352,12,4,'2017-06-09 12:00:00',22),(353,12,4,'2017-06-09 14:00:00',23),(354,12,4,'2017-06-09 16:00:00',24),(355,12,5,'2017-06-09 06:00:00',25),(356,12,5,'2017-06-09 08:00:00',26),(357,12,5,'2017-06-09 10:00:00',27),(358,12,5,'2017-06-09 12:00:00',28),(359,12,5,'2017-06-09 14:00:00',29),(360,12,5,'2017-06-09 16:00:00',30),(361,13,1,'2017-06-10 06:00:00',1),(362,13,1,'2017-06-10 08:00:00',2),(363,13,1,'2017-06-10 10:00:00',3),(364,13,1,'2017-06-10 12:00:00',4),(365,13,1,'2017-06-10 14:00:00',5),(366,13,1,'2017-06-10 16:00:00',6),(367,13,2,'2017-06-10 06:00:00',7),(368,13,2,'2017-06-10 08:00:00',8),(369,13,2,'2017-06-10 10:00:00',9),(370,13,2,'2017-06-10 12:00:00',10),(371,13,2,'2017-06-10 14:00:00',11),(372,13,2,'2017-06-10 16:00:00',12),(373,13,3,'2017-06-10 06:00:00',13),(374,13,3,'2017-06-10 08:00:00',14),(375,13,3,'2017-06-10 10:00:00',15),(376,13,3,'2017-06-10 12:00:00',16),(377,13,3,'2017-06-10 14:00:00',17),(378,13,3,'2017-06-10 16:00:00',18),(379,13,4,'2017-06-10 06:00:00',19),(380,13,4,'2017-06-10 08:00:00',20),(381,13,4,'2017-06-10 10:00:00',21),(382,13,4,'2017-06-10 12:00:00',22),(383,13,4,'2017-06-10 14:00:00',23),(384,13,4,'2017-06-10 16:00:00',24),(385,13,5,'2017-06-10 06:00:00',25),(386,13,5,'2017-06-10 08:00:00',26),(387,13,5,'2017-06-10 10:00:00',27),(388,13,5,'2017-06-10 12:00:00',28),(389,13,5,'2017-06-10 14:00:00',29),(390,13,5,'2017-06-10 16:00:00',30),(391,14,1,'2017-06-11 06:00:00',1),(392,14,1,'2017-06-11 08:00:00',2),(393,14,1,'2017-06-11 10:00:00',3),(394,14,1,'2017-06-11 12:00:00',4),(395,14,1,'2017-06-11 14:00:00',5),(396,14,1,'2017-06-11 16:00:00',6),(397,14,2,'2017-06-11 06:00:00',7),(398,14,2,'2017-06-11 08:00:00',8),(399,14,2,'2017-06-11 10:00:00',9),(400,14,2,'2017-06-11 12:00:00',10),(401,14,2,'2017-06-11 14:00:00',11),(402,14,2,'2017-06-11 16:00:00',12),(403,14,3,'2017-06-11 06:00:00',13),(404,14,3,'2017-06-11 08:00:00',14),(405,14,3,'2017-06-11 10:00:00',15),(406,14,3,'2017-06-11 12:00:00',16),(407,14,3,'2017-06-11 14:00:00',17),(408,14,3,'2017-06-11 16:00:00',18),(409,14,4,'2017-06-11 06:00:00',19),(410,14,4,'2017-06-11 08:00:00',20),(411,14,4,'2017-06-11 10:00:00',21),(412,14,4,'2017-06-11 12:00:00',22),(413,14,4,'2017-06-11 14:00:00',23),(414,14,4,'2017-06-11 16:00:00',24),(415,14,5,'2017-06-11 06:00:00',25),(416,14,5,'2017-06-11 08:00:00',26),(417,14,5,'2017-06-11 10:00:00',27),(418,14,5,'2017-06-11 12:00:00',28),(419,14,5,'2017-06-11 14:00:00',29),(420,14,5,'2017-06-11 16:00:00',30);
/*!40000 ALTER TABLE `week_schedule` ENABLE KEYS */;
UNLOCK TABLES;
/*!40103 SET TIME_ZONE=@OLD_TIME_ZONE */;

/*!40101 SET SQL_MODE=@OLD_SQL_MODE */;
/*!40014 SET FOREIGN_KEY_CHECKS=@OLD_FOREIGN_KEY_CHECKS */;
/*!40014 SET UNIQUE_CHECKS=@OLD_UNIQUE_CHECKS */;
/*!40101 SET CHARACTER_SET_CLIENT=@OLD_CHARACTER_SET_CLIENT */;
/*!40101 SET CHARACTER_SET_RESULTS=@OLD_CHARACTER_SET_RESULTS */;
/*!40101 SET COLLATION_CONNECTION=@OLD_COLLATION_CONNECTION */;
/*!40111 SET SQL_NOTES=@OLD_SQL_NOTES */;

-- Dump completed on 2017-05-29 11:22:24
